{"x_values": [8, 189, 460, 789, 851, 730], "y_values": [2, 412, 662, 700, 405, 283], "z_values": [3.039473684210526, 7.302631578947369, 10.460526315789473, 12.907894736842106, 13.736842105263158, 14.56578947368421]}