{"x_values": [259, 719, 276, 804, 286, 506], "y_values": [856, 720, 537, 374, 200, 77], "z_values": [0.0, 3.0789473684210527, 5.5, 8.0, 8.973684210526315, 10.0]}