{"x_values": [7, 317, 599, 678, 520, 325, 394, 648, 991], "y_values": [-1, 113, 383, 715, 900, 800, 396, 212, 5], "z_values": [0.0, 1.5, 3.6578947368421053, 4.5, 4.894736842105264, 5.394736842105264, 6.289473684210526, 8.0, 10.0]}