{"x_values": [4, 117, 377, 787, 996, 717], "y_values": [4, 458, 815, 995, 776, 479], "z_values": [2.0526315789473686, 4.631578947368421, 6.447368421052632, 7.7368421052631575, 8.473684210526315, 9.289473684210526]}