{"x_values": [4, 193, 280, 519, 855, 803, 463], "y_values": [3, 287, 670, 955, 823, 513, 397], "z_values": [0.0, 2.4210526315789473, 5.2368421052631575, 7.631578947368421, 8.447368421052632, 9.157894736842104, 10.0]}